index;x;y
1000;0.0;3.0
1001;0.01701701701701702;2.999420842263685
1002;0.03403403403403404;2.9976833690547404
1003;0.05105105105105105;2.994787580373166
1004;0.06806806806806807;2.9907334762189617
1005;0.0850850850850851;2.9855210565921277
1006;0.1021021021021021;2.979150321492664
1007;0.11911911911911913;2.9716212709205703
1008;0.13613613613613615;2.9629339048758467
1009;0.15315315315315317;2.9530882233584936
1010;0.1701701701701702;2.9420842263685105
1011;0.18718718718718722;2.929921913905898
1012;0.2042042042042042;2.916601285970655
1013;0.22122122122122123;2.902122342562783
1014;0.23823823823823825;2.886485083682281
1015;0.2552552552552553;2.869689509329149
1016;0.2722722722722723;2.8517356195033874
1017;0.2892892892892893;2.8326234142049955
1018;0.30630630630630634;2.8123528934339745
1019;0.32332332332332336;2.7909240571903235
1020;0.3403403403403404;2.7683369054740425
1021;0.3573573573573574;2.744591438285132
1022;0.37437437437437443;2.7196876556235914
1023;0.39139139139139145;2.6936255574894212
1024;0.4084084084084084;2.6664051438826215
1025;0.42542542542542544;2.6380264148031918
1026;0.44244244244244246;2.608489370251132
1027;0.4594594594594595;2.5777940102264427
1028;0.4764764764764765;2.5459403347291234
1029;0.49349349349349353;2.5129283437591745
1030;0.5105105105105106;2.478758037316596
1031;0.5275275275275276;2.443429415401387
1032;0.5445445445445446;2.406942478013549
1033;0.5615615615615616;2.369297225153081
1034;0.5785785785785786;2.330493656819983
1035;0.5955955955955956;2.2905317730142554
1036;0.6126126126126127;2.2494115737358977
1037;0.6296296296296297;2.207133058984911
1038;0.6466466466466467;2.1636962287612937
1039;0.6636636636636637;2.119101083065047
1040;0.6806806806806808;2.07334762189617
1041;0.6976976976976977;2.026435845254664
1042;0.7147147147147148;1.9783657531405276
1043;0.7317317317317318;1.929137345553762
1044;0.7487487487487489;1.878750622494366
1045;0.7657657657657658;1.8272055839623405
1046;0.7827827827827829;1.7745022299576851
1047;0.7997997997997999;1.7206405604804
1048;0.8168168168168168;1.6656205755304854
1049;0.8338338338338339;1.6094422751079405
1050;0.8508508508508509;1.5521056592127662
1051;0.867867867867868;1.4936107278449617
1052;0.8848848848848849;1.433957481004528
1053;0.901901901901902;1.3731459186914639
1054;0.918918918918919;1.3111760409057704
1055;0.935935935935936;1.2480478476474468
1056;0.952952952952953;1.1837613389164938
1057;0.9699699699699701;1.1183165147129106
1058;0.9869869869869871;1.051713375036698
1059;1.0040040040040041;0.9839519198878555
1060;1.021021021021021;0.9150321492663833
1061;1.038038038038038;0.8449540631722812
1062;1.0550550550550553;0.7737176616055486
1063;1.0720720720720722;0.7013229445661873
1064;1.0890890890890892;0.627769912054196
1065;1.1061061061061062;0.5530585640695747
1066;1.1231231231231231;0.4771889006123242
1067;1.1401401401401403;0.40016092168244244
1068;1.1571571571571573;0.321974627279932
1069;1.1741741741741742;0.24263001740479195
1070;1.1911911911911912;0.16212709205702192
1071;1.2082082082082084;0.08046585123662098
1072;1.2252252252252254;-0.0023537050564086393
1073;1.2422422422422423;-0.08633157682206782
1074;1.2592592592592593;-0.17146776406035702
1075;1.2762762762762765;-0.25776226677127667
1076;1.2932932932932935;-0.34521508495482545
1077;1.3103103103103104;-0.4338262186110038
1078;1.3273273273273274;-0.5235956677398121
1079;1.3443443443443446;-0.6145234323412514
1080;1.3613613613613615;-0.7066095124153193
1081;1.3783783783783785;-0.7998539079620168
1082;1.3953953953953955;-0.8942566189813443
1083;1.4124124124124124;-0.9898176454733014
1084;1.4294294294294296;-1.0865369874378894
1085;1.4464464464464466;-1.1844146448751065
1086;1.4634634634634636;-1.2834506177849523
1087;1.4804804804804805;-1.3836449061674294
1088;1.4974974974974977;-1.484997510022536
1089;1.5145145145145147;-1.5875084293502724
1090;1.5315315315315317;-1.6911776641506382
1091;1.5485485485485486;-1.7960052144236336
1092;1.5655655655655658;-1.9019910801692594
1093;1.5825825825825828;-2.009135261387515
1094;1.5995995995995997;-2.1174377580784
1095;1.6166166166166167;-2.2268985702419144
1096;1.6336336336336337;-2.3375176978780585
1097;1.6506506506506509;-2.449295140986834
1098;1.6676676676676678;-2.562230899568238
1099;1.6846846846846848;-2.676324973622272
1100;1.7017017017017018;-2.791577363148935
1101;1.718718718718719;-2.9079880681482297
1102;1.735735735735736;-3.025557088620153
1103;1.7527527527527529;-3.144284424564706
1104;1.7697697697697699;-3.2641700759818884
1105;1.786786786786787;-3.385214042871702
1106;1.803803803803804;-3.5074163252341446
1107;1.820820820820821;-3.6307769230692166
1108;1.837837837837838;-3.755295836376918
1109;1.8548548548548551;-3.880973065157251
1110;1.871871871871872;-4.007808609410213
1111;1.888888888888889;-4.135802469135804
1112;1.905905905905906;-4.264954644334025
1113;1.922922922922923;-4.395265135004875
1114;1.9399399399399402;-4.526733941148358
1115;1.9569569569569571;-4.659361062764468
1116;1.9739739739739741;-4.793146499853208
1117;1.990990990990991;-4.928090252414577
1118;2.0080080080080083;-5.064192320448578
1119;2.025025025025025;-5.201452703955207
1120;2.042042042042042;-5.339871402934467
1121;2.0590590590590594;-5.479448417386358
1122;2.076076076076076;-5.620183747310875
1123;2.0930930930930933;-5.762077392708026
1124;2.1101101101101105;-5.905129353577806
1125;2.1271271271271273;-6.049339629920212
1126;2.1441441441441444;-6.194708221735251
1127;2.161161161161161;-6.341235129022918
1128;2.1781781781781784;-6.488920351783216
1129;2.1951951951951956;-6.637763890016146
1130;2.2122122122122123;-6.787765743721701
1131;2.2292292292292295;-6.93892591289989
1132;2.2462462462462462;-7.091244397550703
1133;2.2632632632632634;-7.244721197674153
1134;2.2802802802802806;-7.39935631327023
1135;2.2972972972972974;-7.555149744338934
1136;2.3143143143143146;-7.712101490880272
1137;2.3313313313313317;-7.87021155289424
1138;2.3483483483483485;-8.029479930380832
1139;2.3653653653653657;-8.18990662334006
1140;2.3823823823823824;-8.351491631771912
1141;2.3993993993993996;-8.514234955676399
1142;2.416416416416417;-8.678136595053516
1143;2.4334334334334335;-8.843196549903258
1144;2.4504504504504507;-9.009414820225635
1145;2.4674674674674675;-9.176791406020635
1146;2.4844844844844847;-9.345326307288271
1147;2.501501501501502;-9.515019524028537
1148;2.5185185185185186;-9.685871056241428
1149;2.535535535535536;-9.857880903926953
1150;2.552552552552553;-10.031049067085107
1151;2.5695695695695697;-10.205375545715887
1152;2.586586586586587;-10.380860339819302
1153;2.6036036036036037;-10.557503449395341
1154;2.620620620620621;-10.735304874444015
1155;2.637637637637638;-10.91426461496532
1156;2.6546546546546548;-11.094382670959249
1157;2.671671671671672;-11.275659042425813
1158;2.688688688688689;-11.458093729365006
1159;2.705705705705706;-11.641686731776824
1160;2.722722722722723;-11.826438049661277
1161;2.73973973973974;-12.012347683018355
1162;2.756756756756757;-12.199415631848067
1163;2.773773773773774;-12.38764189615041
1164;2.790790790790791;-12.577026475925377
1165;2.807807807807808;-12.767569371172979
1166;2.824824824824825;-12.959270581893206
1167;2.841841841841842;-13.152130108086066
1168;2.8588588588588593;-13.346147949751558
1169;2.875875875875876;-13.541324106889675
1170;2.892892892892893;-13.737658579500426
1171;2.9099099099099104;-13.935151367583806
1172;2.926926926926927;-14.13380247113981
1173;2.9439439439439443;-14.333611890168452
1174;2.960960960960961;-14.534579624669718
1175;2.9779779779779783;-14.736705674643616
1176;2.9949949949949954;-14.939990040090144
1177;3.012012012012012;-15.144432721009299
1178;3.0290290290290294;-15.35003371740109
1179;3.046046046046046;-15.556793029265503
1180;3.0630630630630633;-15.764710656602553
1181;3.0800800800800805;-15.973786599412229
1182;3.0970970970970972;-16.184020857694534
1183;3.1141141141141144;-16.395413431449473
1184;3.1311311311311316;-16.607964320677038
1185;3.1481481481481484;-16.821673525377232
1186;3.1651651651651656;-17.03654104555006
1187;3.1821821821821823;-17.252566881195513
1188;3.1991991991991995;-17.4697510323136
1189;3.2162162162162167;-17.688093498904315
1190;3.2332332332332334;-17.907594280967658
1191;3.2502502502502506;-18.128253378503633
1192;3.2672672672672673;-18.350070791512234
1193;3.2842842842842845;-18.573046519993472
1194;3.3013013013013017;-18.797180563947336
1195;3.3183183183183185;-19.022472923373826
1196;3.3353353353353357;-19.248923598272953
1197;3.352352352352353;-19.47653258864471
1198;3.3693693693693696;-19.705299894489087
1199;3.386386386386387;-19.935225515806103
1200;3.4034034034034035;-20.16630945259574
1201;3.4204204204204207;-20.398551704858015
1202;3.437437437437438;-20.63195227259292
1203;3.4544544544544546;-20.86651115580045
1204;3.471471471471472;-21.102228354480612
1205;3.488488488488489;-21.339103868633405
1206;3.5055055055055058;-21.577137698258824
1207;3.522522522522523;-21.816329843356876
1208;3.5395395395395397;-22.056680303927553
1209;3.556556556556557;-22.298189079970868
1210;3.573573573573574;-22.54085617148681
1211;3.590590590590591;-22.784681578475375
1212;3.607607607607608;-23.02966530093658
1213;3.6246246246246248;-23.275807338870404
1214;3.641641641641642;-23.523107692276866
1215;3.658658658658659;-23.77156636115596
1216;3.675675675675676;-24.021183345507673
1217;3.692692692692693;-24.271958645332024
1218;3.7097097097097103;-24.523892260629005
1219;3.726726726726727;-24.77698419139861
1220;3.743743743743744;-25.03123443764085
1221;3.760760760760761;-25.286642999355713
1222;3.777777777777778;-25.543209876543216
1223;3.7947947947947953;-25.800935069203344
1224;3.811811811811812;-26.0598185773361
1225;3.8288288288288292;-26.31986040094149
1226;3.845845845845846;-26.5810605400195
1227;3.862862862862863;-26.84341899457015
1228;3.8798798798798804;-27.10693576459343
1229;3.896896896896897;-27.371610850089333
1230;3.9139139139139143;-27.63744425105787
1231;3.9309309309309315;-27.90443596749904
1232;3.9479479479479482;-28.17258599941283
1233;3.9649649649649654;-28.44189434679926
1234;3.981981981981982;-28.71236100965831
1235;3.9989989989989994;-28.983985987989996
1236;4.0160160160160165;-29.256769281794313
1237;4.033033033033034;-29.530710891071266
1238;4.05005005005005;-29.805810815820827
1239;4.067067067067067;-30.082069056043032
1240;4.084084084084084;-30.359485611737867
1241;4.101101101101102;-30.63806048290534
1242;4.118118118118119;-30.917793669545432
1243;4.135135135135135;-31.19868517165814
1244;4.152152152152152;-31.4807349892435
1245;4.1691691691691695;-31.763943122301484
1246;4.186186186186187;-32.0483095708321
1247;4.203203203203204;-32.333834334835345
1248;4.220220220220221;-32.62051741431122
1249;4.237237237237237;-32.90835880925971
1250;4.2542542542542545;-33.19735851968085
1251;4.271271271271272;-33.487516545574614
1252;4.288288288288289;-33.778832886941004
1253;4.305305305305306;-34.07130754378003
1254;4.322322322322322;-34.36494051609167
1255;4.33933933933934;-34.65973180387595
1256;4.356356356356357;-34.955681407132865
1257;4.373373373373374;-35.25278932586241
1258;4.390390390390391;-35.55105556006458
1259;4.407407407407407;-35.85048010973937
1260;4.424424424424425;-36.151062974886806
1261;4.441441441441442;-36.45280415550687
1262;4.458458458458459;-36.75570365159956
1263;4.475475475475476;-37.05976146316488
1264;4.4924924924924925;-37.36497759020281
1265;4.50950950950951;-37.6713520327134
1266;4.526526526526527;-37.97888479069661
1267;4.543543543543544;-38.28757586415245
1268;4.560560560560561;-38.59742525308092
1269;4.577577577577578;-38.90843295748202
1270;4.594594594594595;-39.220598977355735
1271;4.611611611611612;-39.5339233127021
1272;4.628628628628629;-39.84840596352109
1273;4.645645645645646;-40.164046929812706
1274;4.6626626626626635;-40.48084621157696
1275;4.67967967967968;-40.79880380881382
1276;4.696696696696697;-41.11791972152333
1277;4.713713713713714;-41.43819394970547
1278;4.730730730730731;-41.75962649336024
1279;4.7477477477477485;-42.08221735248764
1280;4.764764764764765;-42.40596652708765
1281;4.781781781781782;-42.73087401716031
1282;4.798798798798799;-43.056939822705594
1283;4.815815815815816;-43.384163943723514
1284;4.832832832832834;-43.712546380214064
1285;4.84984984984985;-44.04208713217722
1286;4.866866866866867;-44.37278619961303
1287;4.883883883883884;-44.70464358252147
1288;4.9009009009009015;-45.03765928090254
1289;4.917917917917919;-45.37183329475623
1290;4.934934934934935;-45.70716562408254
1291;4.951951951951952;-46.0436562688815
1292;4.968968968968969;-46.381305229153085
1293;4.9859859859859865;-46.7201125048973
1294;5.003003003003004;-47.06007809611415
1295;5.020020020020021;-47.40120200280362
1296;5.037037037037037;-47.74348422496571
1297;5.054054054054054;-48.08692476260045
1298;5.071071071071072;-48.43152361570781
1299;5.088088088088089;-48.777280784287804
1300;5.105105105105106;-49.12419626834043
1301;5.122122122122122;-49.472270067865665
1302;5.1391391391391394;-49.82150218286355
1303;5.156156156156157;-50.171892613334066
1304;5.173173173173174;-50.52344135927721
1305;5.190190190190191;-50.876148420692985
1306;5.207207207207207;-51.230013797581364
1307;5.2242242242242245;-51.5850374899424
1308;5.241241241241242;-51.94121949777606
1309;5.258258258258259;-52.29855982108236
1310;5.275275275275276;-52.65705845986128
1311;5.292292292292292;-53.01671541411282
1312;5.3093093093093096;-53.377530683836994
1313;5.326326326326327;-53.73950426903381
1314;5.343343343343344;-54.10263616970325
1315;5.360360360360361;-54.46692638584532
1316;5.377377377377378;-54.83237491746002
1317;5.394394394394395;-55.198981764547334
1318;5.411411411411412;-55.566746927107296
1319;5.428428428428429;-55.93567040513989
1320;5.445445445445446;-56.30575219864511
1321;5.462462462462463;-56.67699230762296
1322;5.47947947947948;-57.04939073207342
1323;5.496496496496497;-57.42294747199653
1324;5.513513513513514;-57.79766252739227
1325;5.530530530530531;-58.17353589826064
1326;5.547547547547548;-58.55056758460164
1327;5.564564564564565;-58.928757586415244
1328;5.581581581581582;-59.30810590370151
1329;5.598598598598599;-59.6886125364604
1330;5.615615615615616;-60.070277484691914
1331;5.6326326326326335;-60.45310074839606
1332;5.64964964964965;-60.83708232757282
1333;5.666666666666667;-61.22222222222223
1334;5.683683683683684;-61.608520432344264
1335;5.700700700700701;-61.995976957938936
1336;5.7177177177177185;-62.38459179900623
1337;5.734734734734735;-62.77436495554613
1338;5.751751751751752;-63.1652964275587
1339;5.768768768768769;-63.55738621504388
1340;5.785785785785786;-63.950634318001704
1341;5.802802802802804;-64.34504073643214
1342;5.819819819819821;-64.74060547033523
1343;5.836836836836837;-65.1373285197109
1344;5.853853853853854;-65.53520988455924
1345;5.8708708708708714;-65.9342495648802
1346;5.887887887887889;-66.33444756067381
1347;5.904904904904906;-66.73580387194004
1348;5.921921921921922;-67.13831849867887
1349;5.938938938938939;-67.54199144089034
1350;5.9559559559559565;-67.94682269857446
1351;5.972972972972974;-68.35281227173121
1352;5.989989989989991;-68.75996016036058
1353;6.007007007007007;-69.16826636446257
1354;6.024024024024024;-69.5777308840372
1355;6.041041041041042;-69.98835371908446
1356;6.058058058058059;-70.40013486960436
1357;6.075075075075076;-70.81307433559688
1358;6.092092092092092;-71.22717211706201
1359;6.109109109109109;-71.64242821399979
1360;6.126126126126127;-72.05884262641021
1361;6.143143143143144;-72.47641535429325
1362;6.160160160160161;-72.89514639764892
1363;6.177177177177178;-73.31503575647723
1364;6.1941941941941945;-73.73608343077814
1365;6.211211211211212;-74.1582894205517
1366;6.228228228228229;-74.58165372579789
1367;6.245245245245246;-75.00617634651671
1368;6.262262262262263;-75.43185728270815
1369;6.2792792792792795;-75.85869653437221
1370;6.296296296296297;-76.28669410150893
1371;6.313313313313314;-76.71584998411826
1372;6.330330330330331;-77.14616418220024
1373;6.347347347347348;-77.57763669575483
1374;6.364364364364365;-78.01026752478205
1375;6.381381381381382;-78.4440566692819
1376;6.398398398398399;-78.8790041292544
1377;6.415415415415416;-79.31510990469951
1378;6.432432432432433;-79.75237399561726
1379;6.44944944944945;-80.19079640200762
1380;6.466466466466467;-80.63037712387063
1381;6.483483483483484;-81.07111616120626
1382;6.500500500500501;-81.51301351401453
1383;6.517517517517518;-81.95606918229544
1384;6.534534534534535;-82.40028316604894
1385;6.551551551551552;-82.84565546527509
1386;6.568568568568569;-83.29218607997389
1387;6.585585585585586;-83.7398750101453
1388;6.6026026026026035;-84.18872225578934
1389;6.619619619619621;-84.63872781690603
1390;6.636636636636637;-85.0898916934953
1391;6.653653653653654;-85.54221388555725
1392;6.670670670670671;-85.99569439309181
1393;6.6876876876876885;-86.450333216099
1394;6.704704704704706;-86.90613035457883
1395;6.721721721721722;-87.36308580853127
1396;6.738738738738739;-87.82119957795635
1397;6.755755755755756;-88.28047166285407
1398;6.772772772772774;-88.74090206322441
1399;6.789789789789791;-89.20249077906738
1400;6.806806806806807;-89.66523781038296
1401;6.823823823823824;-90.1291431571712
1402;6.840840840840841;-90.59420681943206
1403;6.857857857857859;-91.06042879716556
1404;6.874874874874876;-91.52780909037168
1405;6.891891891891892;-91.9963476990504
1406;6.908908908908909;-92.4660446232018
1407;6.9259259259259265;-92.93689986282581
1408;6.942942942942944;-93.40891341792245
1409;6.959959959959961;-93.88208528849172
1410;6.976976976976978;-94.35641547453362
1411;6.993993993993994;-94.83190397604812
1412;7.0110110110110115;-95.3085507930353
1413;7.028028028028029;-95.78635592549509
1414;7.045045045045046;-96.2653193734275
1415;7.062062062062063;-96.74544113683255
1416;7.079079079079079;-97.22672121571021
1417;7.096096096096097;-97.70915961006052
1418;7.113113113113114;-98.19275631988347
1419;7.130130130130131;-98.67751134517904
1420;7.147147147147148;-99.16342468594723
1421;7.1641641641641645;-99.65049634218805
1422;7.181181181181182;-100.1387263139015
1423;7.198198198198199;-100.62811460108759
1424;7.215215215215216;-101.11866120374631
1425;7.232232232232233;-101.61036612187766
1426;7.2492492492492495;-102.10322935548162
1427;7.266266266266267;-102.59725090455822
1428;7.283283283283284;-103.09243076910747
1429;7.300300300300301;-103.58876894912933
1430;7.317317317317318;-104.08626544462383
1431;7.3343343343343355;-104.58492025559096
1432;7.351351351351352;-105.08473338203069
1433;7.368368368368369;-105.58570482394308
1434;7.385385385385386;-106.0878345813281
1435;7.402402402402403;-106.59112265418574
1436;7.4194194194194205;-107.09556904251602
1437;7.436436436436437;-107.6011737463189
1438;7.453453453453454;-108.10793676559445
1439;7.470470470470471;-108.6158581003426
1440;7.487487487487488;-109.1249377505634
1441;7.504504504504506;-109.63517571625682
1442;7.521521521521522;-110.14657199742285
1443;7.538538538538539;-110.65912659406155
1444;7.555555555555556;-111.17283950617286
1445;7.572572572572573;-111.6877107337568
1446;7.589589589589591;-112.20374027681338
1447;7.606606606606607;-112.72092813534256
1448;7.623623623623624;-113.2392743093444
1449;7.640640640640641;-113.75877879881885
1450;7.6576576576576585;-114.27944160376596
1451;7.674674674674676;-114.80126272418568
1452;7.691691691691692;-115.324242160078
1453;7.708708708708709;-115.84837991144299
1454;7.725725725725726;-116.3736759782806
1455;7.7427427427427435;-116.90013036059085
1456;7.759759759759761;-117.42774305837372
1457;7.776776776776778;-117.95651407162923
1458;7.793793793793794;-118.48644340035733
1459;7.810810810810811;-119.01753104455808
1460;7.827827827827829;-119.54977700423149
1461;7.844844844844846;-120.0831812793775
1462;7.861861861861863;-120.61774386999616
1463;7.878878878878879;-121.15346477608742
1464;7.8958958958958965;-121.69034399765133
1465;7.912912912912914;-122.22838153468787
1466;7.929929929929931;-122.76757738719704
1467;7.946946946946948;-123.30793155517884
1468;7.963963963963964;-123.84944403863324
1469;7.9809809809809815;-124.3921148375603
1470;7.997997997997999;-124.93594395195998
1471;8.015015015015015;-125.48093138183228
1472;8.032032032032033;-126.02707712717725
1473;8.04904904904905;-126.57438118799482
1474;8.066066066066067;-127.12284356428506
1475;8.083083083083084;-127.67246425604787
1476;8.1001001001001;-128.2232432632833
1477;8.117117117117118;-128.77518058599142
1478;8.134134134134134;-129.32827622417213
1479;8.151151151151153;-129.88253017782552
1480;8.168168168168169;-130.43794244695147
1481;8.185185185185185;-130.99451303155007
1482;8.202202202202203;-131.55224193162135
1483;8.21921921921922;-132.1111291471652
1484;8.236236236236238;-132.67117467818173
1485;8.253253253253254;-133.23237852467085
1486;8.27027027027027;-133.79474068663257
1487;8.287287287287288;-134.358261164067
1488;8.304304304304305;-134.922939956974
1489;8.321321321321323;-135.48877706535367
1490;8.338338338338339;-136.05577248920594
1491;8.355355355355357;-136.62392622853088
1492;8.372372372372373;-137.1932382833284
1493;8.38938938938939;-137.76370865359854
1494;8.406406406406408;-138.33533733934138
1495;8.423423423423424;-138.90812434055678
1496;8.440440440440442;-139.4820696572449
1497;8.457457457457458;-140.05717328940554
1498;8.474474474474475;-140.63343523703884
1499;8.491491491491493;-141.21085550014485
1500;8.508508508508509;-141.7894340787234
1501;8.525525525525527;-142.36917097277464
1502;8.542542542542543;-142.95006618229846
1503;8.55955955955956;-143.5321197072949
1504;8.576576576576578;-144.11533154776401
1505;8.593593593593594;-144.69970170370573
1506;8.610610610610612;-145.28523017512012
1507;8.627627627627628;-145.87191696200708
1508;8.644644644644645;-146.45976206436669
1509;8.661661661661663;-147.04876548219895
1510;8.67867867867868;-147.6389272155038
1511;8.695695695695697;-148.23024726428136
1512;8.712712712712714;-148.82272562853146
1513;8.72972972972973;-149.4163623082542
1514;8.746746746746748;-150.01115730344964
1515;8.763763763763764;-150.60711061411763
1516;8.780780780780782;-151.20422224025833
1517;8.797797797797799;-151.8024921818716
1518;8.814814814814815;-152.4019204389575
1519;8.831831831831833;-153.00250701151606
1520;8.84884884884885;-153.60425189954722
1521;8.865865865865867;-154.20715510305106
1522;8.882882882882884;-154.81121662202747
1523;8.8998998998999;-155.4164364564765
1524;8.916916916916918;-156.02281460639824
1525;8.933933933933934;-156.63035107179252
1526;8.950950950950952;-157.23904585265953
1527;8.967967967967969;-157.84889894899908
1528;8.984984984984985;-158.45991036081125
1529;9.002002002002003;-159.07208008809613
1530;9.01901901901902;-159.6854081308536
1531;9.036036036036037;-160.29989448908373
1532;9.053053053053054;-160.91553916278644
1533;9.07007007007007;-161.53234215196176
1534;9.087087087087088;-162.1503034566098
1535;9.104104104104104;-162.7694230767304
1536;9.121121121121122;-163.38970101232368
1537;9.138138138138139;-164.01113726338954
1538;9.155155155155157;-164.63373182992808
1539;9.172172172172173;-165.2574847119392
1540;9.18918918918919;-165.88239590942294
1541;9.206206206206208;-166.50846542237937
1542;9.223223223223224;-167.1356932508084
1543;9.240240240240242;-167.76407939471008
1544;9.257257257257258;-168.39362385408435
1545;9.274274274274275;-169.02432662893125
1546;9.291291291291293;-169.65618771925082
1547;9.308308308308309;-170.289207125043
1548;9.325325325325327;-170.92338484630784
1549;9.342342342342343;-171.55872088304525
1550;9.35935935935936;-172.1952152352553
1551;9.376376376376378;-172.83286790293803
1552;9.393393393393394;-173.47167888609331
1553;9.410410410410412;-174.11164818472133
1554;9.427427427427428;-174.7527757988219
1555;9.444444444444445;-175.39506172839506
1556;9.461461461461463;-176.03850597344095
1557;9.478478478478479;-176.6831085339594
1558;9.495495495495497;-177.32886940995056
1559;9.512512512512513;-177.97578860141425
1560;9.52952952952953;-178.6238661083506
1561;9.546546546546548;-179.27310193075962
1562;9.563563563563564;-179.92349606864124
1563;9.580580580580582;-180.57504852199554
1564;9.597597597597598;-181.22775929082238
1565;9.614614614614615;-181.88162837512186
1566;9.631631631631633;-182.53665577489406
1567;9.64864864864865;-183.19284149013882
1568;9.665665665665667;-183.85018552085626
1569;9.682682682682684;-184.50868786704626
1570;9.6996996996997;-185.1683485287089
1571;9.716716716716718;-185.82916750584423
1572;9.733733733733734;-186.49114479845213
1573;9.750750750750752;-187.1542804065327
1574;9.767767767767769;-187.81857433008588
1575;9.784784784784785;-188.48402656911165
1576;9.801801801801803;-189.15063712361015
1577;9.81881881881882;-189.8184059935812
1578;9.835835835835837;-190.48733317902492
1579;9.852852852852854;-191.15741867994123
1580;9.86986986986987;-191.82866249633017
1581;9.886886886886888;-192.5010646281918
1582;9.903903903903904;-193.174625075526
1583;9.920920920920922;-193.84934383833289
1584;9.937937937937939;-194.52522091661234
1585;9.954954954954957;-195.20225631036448
1586;9.971971971971973;-195.8804500195892
1587;9.98898898898899;-196.55980204428656
1588;10.006006006006007;-197.2403123844566
1589;10.023023023023024;-197.92198104009918
1590;10.040040040040042;-198.6048080112145
1591;10.057057057057058;-199.28879329780236
1592;10.074074074074074;-199.97393689986285
1593;10.091091091091092;-200.66023881739602
1594;10.108108108108109;-201.3476990504018
1595;10.125125125125127;-202.03631759888023
1596;10.142142142142143;-202.72609446283124
1597;10.15915915915916;-203.41702964225487
1598;10.176176176176178;-204.10912313715122
1599;10.193193193193194;-204.80237494752012
1600;10.210210210210212;-205.4967850733617
1601;10.227227227227228;-206.1923535146759
1602;10.244244244244245;-206.88908027146266
1603;10.261261261261263;-207.58696534372214
1604;10.278278278278279;-208.2860087314542
1605;10.295295295295297;-208.98621043465894
1606;10.312312312312313;-209.68757045333626
1607;10.32932932932933;-210.3900887874862
1608;10.346346346346348;-211.09376543710883
1609;10.363363363363364;-211.79860040220402
1610;10.380380380380382;-212.50459368277194
1611;10.397397397397398;-213.21174527881237
1612;10.414414414414415;-213.92005519032546
1613;10.431431431431433;-214.62952341731125
1614;10.448448448448449;-215.3401499597696
1615;10.465465465465467;-216.05193481770064
1616;10.482482482482483;-216.76487799110424
1617;10.4994994994995;-217.4789794799805
1618;10.516516516516518;-218.19423928432943
1619;10.533533533533534;-218.91065740415092
1620;10.550550550550552;-219.62823383944513
1621;10.567567567567568;-220.34696859021187
1622;10.584584584584585;-221.06686165645127
1623;10.601601601601603;-221.78791303816334
1624;10.618618618618619;-222.51012273534798
1625;10.635635635635637;-223.23349074800532
1626;10.652652652652653;-223.95801707613523
1627;10.66966966966967;-224.68370171973777
1628;10.686686686686688;-225.410544678813
1629;10.703703703703704;-226.1385459533608
1630;10.720720720720722;-226.86770554338128
1631;10.737737737737739;-227.59802344887433
1632;10.754754754754757;-228.3294996698401
1633;10.771771771771773;-229.0621342062784
1634;10.78878878878879;-229.79592705818933
1635;10.805805805805807;-230.530878225573
1636;10.822822822822824;-231.26698770842918
1637;10.839839839839842;-232.00425550675808
1638;10.856856856856858;-232.74268162055955
1639;10.873873873873874;-233.48226604983364
1640;10.890890890890892;-234.22300879458044
1641;10.907907907907909;-234.96490985479977
1642;10.924924924924927;-235.70796923049184
1643;10.941941941941943;-236.45218692165645
1644;10.95895895895896;-237.19756292829368
1645;10.975975975975977;-237.94409725040362
1646;10.992992992992994;-238.69178988798612
1647;11.010010010010012;-239.44064084104133
1648;11.027027027027028;-240.19065010956908
1649;11.044044044044044;-240.94181769356945
1650;11.061061061061062;-241.69414359304255
1651;11.078078078078079;-242.4476278079882
1652;11.095095095095097;-243.20227033840655
1653;11.112112112112113;-243.95807118429747
1654;11.12912912912913;-244.71503034566098
1655;11.146146146146148;-245.47314782249722
1656;11.163163163163164;-246.23242361480604
1657;11.180180180180182;-246.99285772258753
1658;11.197197197197198;-247.7544501458416
1659;11.214214214214214;-248.51720088456827
1660;11.231231231231233;-249.28110993876766
1661;11.248248248248249;-250.0461773084396
1662;11.265265265265267;-250.81240299358424
1663;11.282282282282283;-251.57978699420144
1664;11.2992992992993;-252.3483293102913
1665;11.316316316316318;-253.11802994185382
1666;11.333333333333334;-253.8888888888889
1667;11.350350350350352;-254.66090615139672
1668;11.367367367367368;-255.43408172937706
1669;11.384384384384385;-256.20841562283005
1670;11.401401401401403;-256.98390783175574
1671;11.418418418418419;-257.760558356154
1672;11.435435435435437;-258.5383671960249
1673;11.452452452452453;-259.3173343513684
1674;11.46946946946947;-260.09745982218453
1675;11.486486486486488;-260.87874360847337
1676;11.503503503503504;-261.6611857102348
1677;11.520520520520522;-262.4447861274689
1678;11.537537537537538;-263.2295448601755
1679;11.554554554554556;-264.0154619083549
1680;11.571571571571573;-264.8025372720068
1681;11.588588588588589;-265.59077095113133
1682;11.605605605605607;-266.38016294572856
1683;11.622622622622623;-267.1707132557984
1684;11.639639639639642;-267.9624218813409
1685;11.656656656656658;-268.75528882235596
1686;11.673673673673674;-269.5493140788436
1687;11.690690690690692;-270.34449765080404
1688;11.707707707707709;-271.14083953823695
1689;11.724724724724727;-271.9383397411426
1690;11.741741741741743;-272.7369982595208
1691;11.75875875875876;-273.5368150933717
1692;11.775775775775777;-274.33779024269523
1693;11.792792792792794;-275.13992370749133
1694;11.809809809809812;-275.94321548776014
1695;11.826826826826828;-276.7476655835015
1696;11.843843843843844;-277.5532739947155
1697;11.860860860860862;-278.36004072140213
1698;11.877877877877879;-279.16796576356137
1699;11.894894894894897;-279.9770491211934
1700;11.911911911911913;-280.78729079429786
1701;11.92892892892893;-281.598690782875
1702;11.945945945945947;-282.41124908692484
1703;11.962962962962964;-283.2249657064472
1704;11.979979979979982;-284.0398406414423
1705;11.996996996996998;-284.85587389191
1706;12.014014014014014;-285.67306545785027
1707;12.031031031031032;-286.49141533926326
1708;12.048048048048049;-287.3109235361488
1709;12.065065065065067;-288.13159004850706
1710;12.082082082082083;-288.95341487633783
1711;12.0990990990991;-289.7763980196413
1712;12.116116116116117;-290.60053947841743
1713;12.133133133133134;-291.4258392526661
1714;12.150150150150152;-292.2522973423875
1715;12.167167167167168;-293.0799137475815
1716;12.184184184184184;-293.90868846824804
1717;12.201201201201203;-294.7386215043873
1718;12.218218218218219;-295.56971285599917
1719;12.235235235235237;-296.40196252308374
1720;12.252252252252253;-297.23537050564084
1721;12.26926926926927;-298.06993680367054
1722;12.286286286286288;-298.905661417173
1723;12.303303303303304;-299.74254434614795
1724;12.320320320320322;-300.58058559059566
1725;12.337337337337338;-301.4197851505159
1726;12.354354354354356;-302.2601430259089
1727;12.371371371371373;-303.1016592167744
1728;12.388388388388389;-303.94433372311255
1729;12.405405405405407;-304.7881665449234
1730;12.422422422422423;-305.6331576822068
1731;12.439439439439441;-306.4793071349629
1732;12.456456456456458;-307.32661490319157
1733;12.473473473473474;-308.17508098689285
1734;12.490490490490492;-309.02470538606684
1735;12.507507507507508;-309.87548810071337
1736;12.524524524524526;-310.7274291308326
1737;12.541541541541543;-311.58052847642443
1738;12.558558558558559;-312.43478613748886
1739;12.575575575575577;-313.29020211402604
1740;12.592592592592593;-314.1467764060357
1741;12.609609609609612;-315.00450901351815
1742;12.626626626626628;-315.86339993647306
1743;12.643643643643644;-316.7234491749006
1744;12.660660660660662;-317.58465672880095
1745;12.677677677677679;-318.4470225981738
1746;12.694694694694697;-319.31054678301933
1747;12.711711711711713;-320.17522928333744
1748;12.72872872872873;-321.0410700991282
1749;12.745745745745747;-321.9080692303916
1750;12.762762762762764;-322.7762266771276
1751;12.779779779779782;-323.64554243933634
1752;12.796796796796798;-324.5160165170176
1753;12.813813813813814;-325.38764891017144
1754;12.830830830830832;-326.26043961879805
1755;12.847847847847849;-327.1343886428972
1756;12.864864864864867;-328.00949598246905
1757;12.881881881881883;-328.88576163751344
1758;12.8988988988989;-329.7631856080305
1759;12.915915915915917;-330.64176789402023
1760;12.932932932932934;-331.5215084954825
1761;12.949949949949952;-332.4024074124175
1762;12.966966966966968;-333.28446464482505
1763;12.983983983983984;-334.16768019270523
1764;13.001001001001002;-335.0520540560581
1765;13.018018018018019;-335.93758623488355
1766;13.035035035035037;-336.82427672918175
1767;13.052052052052053;-337.7121255389524
1768;13.06906906906907;-338.60113266419575
1769;13.086086086086087;-339.4912981049118
1770;13.103103103103104;-340.38262186110035
1771;13.120120120120122;-341.2751039327617
1772;13.137137137137138;-342.16874431989555
1773;13.154154154154156;-343.0635430225021
1774;13.171171171171173;-343.9595000405812
1775;13.188188188188189;-344.8566153741329
1776;13.205205205205207;-345.7548890231574
1777;13.222222222222223;-346.6543209876544
1778;13.239239239239241;-347.5549112676241
1779;13.256256256256258;-348.45665986306636
1780;13.273273273273274;-349.3595667739812
1781;13.290290290290292;-350.26363200036883
1782;13.307307307307308;-351.168855542229
1783;13.324324324324326;-352.07523739956184
1784;13.341341341341343;-352.98277757236724
1785;13.358358358358359;-353.8914760606453
1786;13.375375375375377;-354.801332864396
1787;13.392392392392393;-355.7123479836193
1788;13.409409409409411;-356.62452141831534
1789;13.426426426426428;-357.5378531684839
1790;13.443443443443444;-358.45234323412507
1791;13.460460460460462;-359.36799161523896
1792;13.477477477477478;-360.2847983118254
1793;13.494494494494496;-361.20276332388454
1794;13.511511511511513;-362.1218866514163
1795;13.528528528528529;-363.04216829442055
1796;13.545545545545547;-363.96360825289764
1797;13.562562562562563;-364.8862065268472
1798;13.579579579579582;-365.8099631162695
1799;13.596596596596598;-366.7348780211644
1800;13.613613613613614;-367.66095124153185
1801;13.630630630630632;-368.588182777372
1802;13.647647647647648;-369.5165726286848
1803;13.664664664664667;-370.4461207954702
1804;13.681681681681683;-371.37682727772824
1805;13.6986986986987;-372.30869207545885
1806;13.715715715715717;-373.2417151886622
1807;13.732732732732734;-374.1758966173381
1808;13.749749749749752;-375.1112363614867
1809;13.766766766766768;-376.04773442110786
1810;13.783783783783784;-376.9853907962016
1811;13.800800800800802;-377.92420548676813
1812;13.817817817817819;-378.8641784928072
1813;13.834834834834837;-379.80530981431895
1814;13.851851851851853;-380.74759945130324
1815;13.868868868868871;-381.69104740376025
1816;13.885885885885887;-382.6356536716898
1817;13.902902902902904;-383.581418255092
1818;13.919919919919922;-384.5283411539669
1819;13.936936936936938;-385.47642236831433
1820;13.953953953953956;-386.4256618981345
1821;13.970970970970972;-387.37605974342716
1822;13.987987987987989;-388.3276159041925
1823;14.005005005005007;-389.2803303804306
1824;14.022022022022023;-390.2342031721412
1825;14.039039039039041;-391.18923427932447
1826;14.056056056056057;-392.14542370198035
1827;14.073073073073074;-393.1027714401088
1828;14.090090090090092;-394.06127749371
1829;14.107107107107108;-395.0209418627838
1830;14.124124124124126;-395.9817645473302
1831;14.141141141141143;-396.94374554734924
1832;14.158158158158159;-397.90688486284085
1833;14.175175175175177;-398.87118249380524
1834;14.192192192192193;-399.8366384402421
1835;14.209209209209211;-400.8032527021517
1836;14.226226226226228;-401.7710252795339
1837;14.243243243243244;-402.73995617238864
1838;14.260260260260262;-403.71004538071617
1839;14.277277277277278;-404.68129290451617
1840;14.294294294294296;-405.65369874378894
1841;14.311311311311313;-406.62726289853424
1842;14.328328328328329;-407.6019853687522
1843;14.345345345345347;-408.5778661544428
1844;14.362362362362363;-409.554905255606
1845;14.379379379379381;-410.5331026722419
1846;14.396396396396398;-411.51245840435035
1847;14.413413413413414;-412.49297245193145
1848;14.430430430430432;-413.47464481498525
1849;14.447447447447448;-414.4574754935116
1850;14.464464464464466;-415.44146448751064
1851;14.481481481481483;-416.42661179698223
1852;14.498498498498499;-417.41291742192647
1853;14.515515515515517;-418.4003813623434
1854;14.532532532532533;-419.3890036182329
1855;14.549549549549551;-420.37878418959514
1856;14.566566566566568;-421.36972307642986
1857;14.583583583583584;-422.36182027873724
1858;14.600600600600602;-423.3550757965173
1859;14.617617617617618;-424.34948962976995
1860;14.634634634634637;-425.34506177849534
1861;14.651651651651653;-426.3417922426932
1862;14.668668668668671;-427.33968102236383
1863;14.685685685685687;-428.338728117507
1864;14.702702702702704;-429.33893352812277
1865;14.719719719719722;-430.3402972542113
1866;14.736736736736738;-431.3428192957723
1867;14.753753753753756;-432.3464996528061
1868;14.770770770770772;-433.3513383253124
1869;14.787787787787789;-434.35733531329134
1870;14.804804804804807;-435.36449061674296
1871;14.821821821821823;-436.37280423566716
1872;14.838838838838841;-437.3822761700641
1873;14.855855855855857;-438.3929064199335
1874;14.872872872872874;-439.4046949852756
1875;14.889889889889892;-440.41764186609043
1876;14.906906906906908;-441.4317470623778
1877;14.923923923923926;-442.44701057413783
1878;14.940940940940942;-443.4634324013704
1879;14.957957957957959;-444.48101254407567
1880;14.974974974974977;-445.4997510022536
1881;14.991991991991993;-446.5196477759041
1882;15.009009009009011;-447.5407028650273
1883;15.026026026026027;-448.5629162696231
1884;15.043043043043044;-449.5862879896914
1885;15.060060060060062;-450.61081802523256
1886;15.077077077077078;-451.6365063762462
1887;15.094094094094096;-452.6633530427325
1888;15.111111111111112;-453.69135802469145
1889;15.128128128128129;-454.720521322123
1890;15.145145145145147;-455.7508429350272
1891;15.162162162162163;-456.78232286340403
1892;15.179179179179181;-457.8149611072535
1893;15.196196196196198;-458.8487576665756
1894;15.213213213213214;-459.88371254137024
1895;15.230230230230232;-460.9198257316377
1896;15.247247247247248;-461.9570972373776
1897;15.264264264264266;-462.99552705859026
1898;15.281281281281283;-464.0351151952754
1899;15.298298298298299;-465.07586164743327
1900;15.315315315315317;-466.11776641506384
1901;15.332332332332333;-467.1608294981669
1902;15.349349349349351;-468.2050508967427
1903;15.366366366366368;-469.25043061079106
1904;15.383383383383384;-470.296968640312
1905;15.400400400400402;-471.3446649853057
1906;15.417417417417418;-472.39351964577196
1907;15.434434434434436;-473.4435326217109
1908;15.451451451451453;-474.4947039131224
1909;15.46846846846847;-475.54703352000666
1910;15.485485485485487;-476.6005214423634
1911;15.502502502502503;-477.65516768019273
1912;15.519519519519521;-478.7109722334949
1913;15.536536536536538;-479.7679351022695
1914;15.553553553553556;-480.8260562865169
1915;15.570570570570572;-481.8853357862368
1916;15.587587587587588;-482.9457736014293
1917;15.604604604604607;-484.00736973209456
1918;15.621621621621623;-485.07012417823233
1919;15.638638638638641;-486.1340369398429
1920;15.655655655655657;-487.19910801692595
1921;15.672672672672673;-488.2653374094816
1922;15.689689689689692;-489.33272511751
1923;15.706706706706708;-490.40127114101097
1924;15.723723723723726;-491.47097547998465
1925;15.740740740740742;-492.5418381344308
1926;15.757757757757759;-493.6138591043497
1927;15.774774774774777;-494.6870383897412
1928;15.791791791791793;-495.7613759906053
1929;15.808808808808811;-496.8368719069421
1930;15.825825825825827;-497.9135261387515
1931;15.842842842842844;-498.99133868603343
1932;15.859859859859862;-500.07030954878815
1933;15.876876876876878;-501.1504387270154
1934;15.893893893893896;-502.23172622071536
1935;15.910910910910912;-503.31417202988786
1936;15.927927927927929;-504.39777615453295
1937;15.944944944944947;-505.4825385946508
1938;15.961961961961963;-506.5684593502412
1939;15.978978978978981;-507.6555384213043
1940;15.995995995995997;-508.74377580783994
1941;16.013013013013015;-509.8331715098484
1942;16.03003003003003;-510.9237255273291
1943;16.047047047047048;-512.0154378602828
1944;16.064064064064066;-513.108308508709
1945;16.081081081081084;-514.202337472608
1946;16.0980980980981;-515.2975247519793
1947;16.115115115115117;-516.3938703468234
1948;16.132132132132135;-517.4913742571403
1949;16.14914914914915;-518.5900364829293
1950;16.166166166166168;-519.6898570241915
1951;16.183183183183186;-520.7908358809261
1952;16.2002002002002;-521.8929730531332
1953;16.217217217217218;-522.9962685408132
1954;16.234234234234236;-524.1007223439657
1955;16.251251251251254;-525.2063344625909
1956;16.26826826826827;-526.3131048966885
1957;16.285285285285287;-527.4210336462589
1958;16.302302302302305;-528.5301207113021
1959;16.31931931931932;-529.6403660918176
1960;16.336336336336338;-530.7517697878059
1961;16.353353353353356;-531.8643317992669
1962;16.37037037037037;-532.9780521262003
1963;16.38738738738739;-534.0929307686065
1964;16.404404404404406;-535.2089677264854
1965;16.421421421421424;-536.3261629998369
1966;16.43843843843844;-537.4445165886608
1967;16.455455455455457;-538.5640284929575
1968;16.472472472472475;-539.6846987127269
1969;16.48948948948949;-540.8065272479687
1970;16.506506506506508;-541.9295140986834
1971;16.523523523523526;-543.0536592648706
1972;16.54054054054054;-544.1789627465303
1973;16.55755755755756;-545.3054245436629
1974;16.574574574574577;-546.433044656268
1975;16.591591591591595;-547.5618230843459
1976;16.60860860860861;-548.691759827896
1977;16.625625625625627;-549.822854886919
1978;16.642642642642645;-550.9551082614147
1979;16.65965965965966;-552.0885199513829
1980;16.676676676676678;-553.2230899568237
1981;16.693693693693696;-554.3588182777373
1982;16.710710710710714;-555.4957049141235
1983;16.72772772772773;-556.6337498659822
1984;16.744744744744747;-557.7729531333136
1985;16.761761761761765;-558.9133147161177
1986;16.77877877877878;-560.0548346143942
1987;16.795795795795797;-561.1975128281435
1988;16.812812812812815;-562.3413493573655
1989;16.82982982982983;-563.48634420206
1990;16.846846846846848;-564.6324973622271
1991;16.863863863863866;-565.779808837867
1992;16.880880880880884;-566.9282786289796
1993;16.8978978978979;-568.0779067355644
1994;16.914914914914917;-569.2286931576222
1995;16.931931931931935;-570.3806378951526
1996;16.94894894894895;-571.5337409481554
1997;16.965965965965967;-572.688002316631
1998;16.982982982982985;-573.8434220005794
1999;17.0;-575.0
